id,info_metric,info_get_better,info_technique,info_was_taught,strata,treatment
336,Packedness,1,1.0,1.0,2.0,1.0
336,Corners,2,,0.0,2.0,1.0
336,Waviness,1,1.0,1.0,2.0,1.0
336,Weight,1,1.0,1.0,2.0,1.0
336,Touch,2,,0.0,2.0,1.0
336,Loom,2,,0.0,2.0,1.0
336,Sidda Tightness,1,0.0,1.0,2.0,1.0
336,Inputs,2,,0.0,2.0,1.0
336,Loom Tightness,2,,0.0,2.0,1.0
336,Design Accuracy,1,,0.0,2.0,1.0
336,Sidda Packedness,1,,0.0,2.0,1.0
336,Design Ability,1,,0.0,2.0,1.0
336,Overall,1,,0.0,2.0,1.0
314,Packedness,1,,0.0,3.0,0.0
314,Corners,1,,0.0,3.0,0.0
314,Waviness,1,,0.0,3.0,0.0
314,Weight,1,,0.0,3.0,0.0
314,Touch,1,,0.0,3.0,0.0
314,Loom,2,,0.0,3.0,0.0
314,Sidda Tightness,2,,0.0,3.0,0.0
314,Inputs,2,,0.0,3.0,0.0
314,Loom Tightness,2,,0.0,3.0,0.0
314,Design Accuracy,1,,0.0,3.0,0.0
314,Sidda Packedness,2,,0.0,3.0,0.0
314,Design Ability,1,,0.0,3.0,0.0
314,Overall,1,,0.0,3.0,0.0
441,Packedness,2,,0.0,2.0,0.0
441,Corners,2,,0.0,2.0,0.0
441,Waviness,2,,0.0,2.0,0.0
441,Weight,2,,0.0,2.0,0.0
441,Touch,2,,0.0,2.0,0.0
441,Loom,2,,0.0,2.0,0.0
441,Sidda Tightness,2,,0.0,2.0,0.0
441,Inputs,2,,0.0,2.0,0.0
441,Loom Tightness,2,,0.0,2.0,0.0
441,Design Accuracy,2,,0.0,2.0,0.0
441,Sidda Packedness,2,,0.0,2.0,0.0
441,Design Ability,1,,0.0,2.0,0.0
441,Overall,1,,0.0,2.0,0.0
583,Packedness,2,,0.0,23.0,0.0
583,Corners,2,,0.0,23.0,0.0
583,Waviness,2,,0.0,23.0,0.0
583,Weight,2,,0.0,23.0,0.0
583,Touch,2,,0.0,23.0,0.0
583,Loom,2,,0.0,23.0,0.0
583,Sidda Tightness,2,,0.0,23.0,0.0
583,Inputs,2,,0.0,23.0,0.0
583,Loom Tightness,2,,0.0,23.0,0.0
583,Design Accuracy,2,,0.0,23.0,0.0
583,Sidda Packedness,2,,0.0,23.0,0.0
583,Design Ability,2,,0.0,23.0,0.0
583,Overall,2,,0.0,23.0,0.0
504,Packedness,2,,0.0,23.0,0.0
504,Corners,2,,0.0,23.0,0.0
504,Waviness,2,,0.0,23.0,0.0
504,Weight,2,,0.0,23.0,0.0
504,Touch,2,,0.0,23.0,0.0
504,Loom,2,,0.0,23.0,0.0
504,Sidda Tightness,2,,0.0,23.0,0.0
504,Inputs,2,,0.0,23.0,0.0
504,Loom Tightness,2,,0.0,23.0,0.0
504,Design Accuracy,2,,0.0,23.0,0.0
504,Sidda Packedness,2,,0.0,23.0,0.0
504,Design Ability,2,,0.0,23.0,0.0
504,Overall,2,,0.0,23.0,0.0
521,Packedness,1,1.0,1.0,23.0,1.0
521,Corners,2,,0.0,23.0,1.0
521,Waviness,1,,0.0,23.0,1.0
521,Weight,2,,0.0,23.0,1.0
521,Touch,2,,0.0,23.0,1.0
521,Loom,2,,0.0,23.0,1.0
521,Sidda Tightness,1,0.0,1.0,23.0,1.0
521,Inputs,2,,0.0,23.0,1.0
521,Loom Tightness,2,,0.0,23.0,1.0
521,Design Accuracy,2,,0.0,23.0,1.0
521,Sidda Packedness,2,,0.0,23.0,1.0
521,Design Ability,1,,0.0,23.0,1.0
521,Overall,1,,0.0,23.0,1.0
639,Packedness,1,,0.0,21.0,0.0
639,Corners,1,,0.0,21.0,0.0
639,Waviness,2,,0.0,21.0,0.0
639,Weight,1,,0.0,21.0,0.0
639,Touch,2,,0.0,21.0,0.0
639,Loom,2,,0.0,21.0,0.0
639,Sidda Tightness,2,,0.0,21.0,0.0
639,Inputs,2,,0.0,21.0,0.0
639,Loom Tightness,2,,0.0,21.0,0.0
639,Design Accuracy,1,,0.0,21.0,0.0
639,Sidda Packedness,2,,0.0,21.0,0.0
639,Design Ability,1,,0.0,21.0,0.0
639,Overall,1,,0.0,21.0,0.0
571,Packedness,1,1.0,1.0,21.0,0.0
571,Corners,2,,0.0,21.0,0.0
571,Waviness,2,,0.0,21.0,0.0
571,Weight,2,1.0,1.0,21.0,0.0
571,Touch,2,,0.0,21.0,0.0
571,Loom,2,,0.0,21.0,0.0
571,Sidda Tightness,1,,0.0,21.0,0.0
571,Inputs,2,,0.0,21.0,0.0
571,Loom Tightness,2,,0.0,21.0,0.0
571,Design Accuracy,1,0.0,1.0,21.0,0.0
571,Sidda Packedness,2,,0.0,21.0,0.0
571,Design Ability,1,,0.0,21.0,0.0
571,Overall,1,,0.0,21.0,0.0
522,Packedness,1,,0.0,24.0,1.0
522,Corners,2,,0.0,24.0,1.0
522,Waviness,2,,0.0,24.0,1.0
522,Weight,1,,0.0,24.0,1.0
522,Touch,1,,0.0,24.0,1.0
522,Loom,2,,0.0,24.0,1.0
522,Sidda Tightness,1,0.0,1.0,24.0,1.0
522,Inputs,2,,0.0,24.0,1.0
522,Loom Tightness,1,,0.0,24.0,1.0
522,Design Accuracy,1,,0.0,24.0,1.0
522,Sidda Packedness,1,,0.0,24.0,1.0
522,Design Ability,1,,0.0,24.0,1.0
522,Overall,1,,0.0,24.0,1.0
508,Packedness,2,,0.0,23.0,0.0
508,Corners,2,,0.0,23.0,0.0
508,Waviness,2,,0.0,23.0,0.0
508,Weight,2,,0.0,23.0,0.0
508,Touch,2,,0.0,23.0,0.0
508,Loom,2,,0.0,23.0,0.0
508,Sidda Tightness,2,,0.0,23.0,0.0
508,Inputs,2,,0.0,23.0,0.0
508,Loom Tightness,2,,0.0,23.0,0.0
508,Design Accuracy,2,,0.0,23.0,0.0
508,Sidda Packedness,2,,0.0,23.0,0.0
508,Design Ability,2,,0.0,23.0,0.0
508,Overall,2,,0.0,23.0,0.0
685,Packedness,1,,0.0,21.0,0.0
685,Corners,1,,0.0,21.0,0.0
685,Waviness,2,,0.0,21.0,0.0
685,Weight,2,,0.0,21.0,0.0
685,Touch,2,,0.0,21.0,0.0
685,Loom,2,,0.0,21.0,0.0
685,Sidda Tightness,1,,0.0,21.0,0.0
685,Inputs,2,,0.0,21.0,0.0
685,Loom Tightness,2,,0.0,21.0,0.0
685,Design Accuracy,1,,0.0,21.0,0.0
685,Sidda Packedness,1,,0.0,21.0,0.0
685,Design Ability,1,,0.0,21.0,0.0
685,Overall,1,,0.0,21.0,0.0
594,Packedness,1,,0.0,21.0,0.0
594,Corners,1,,0.0,21.0,0.0
594,Waviness,1,,0.0,21.0,0.0
594,Weight,1,,0.0,21.0,0.0
594,Touch,1,,0.0,21.0,0.0
594,Loom,2,,0.0,21.0,0.0
594,Sidda Tightness,1,,0.0,21.0,0.0
594,Inputs,2,,0.0,21.0,0.0
594,Loom Tightness,2,,0.0,21.0,0.0
594,Design Accuracy,1,,0.0,21.0,0.0
594,Sidda Packedness,2,,0.0,21.0,0.0
594,Design Ability,1,,0.0,21.0,0.0
594,Overall,1,,0.0,21.0,0.0
506,Packedness,2,,0.0,23.0,1.0
506,Corners,1,,0.0,23.0,1.0
506,Waviness,2,,0.0,23.0,1.0
506,Weight,1,1.0,1.0,23.0,1.0
506,Touch,1,,0.0,23.0,1.0
506,Loom,2,,0.0,23.0,1.0
506,Sidda Tightness,1,,0.0,23.0,1.0
506,Inputs,1,,0.0,23.0,1.0
506,Loom Tightness,1,,0.0,23.0,1.0
506,Design Accuracy,1,1.0,1.0,23.0,1.0
506,Sidda Packedness,1,,0.0,23.0,1.0
506,Design Ability,1,,0.0,23.0,1.0
506,Overall,1,,0.0,23.0,1.0
570,Packedness,2,,0.0,23.0,0.0
570,Corners,2,,0.0,23.0,0.0
570,Waviness,2,,0.0,23.0,0.0
570,Weight,2,,0.0,23.0,0.0
570,Touch,2,,0.0,23.0,0.0
570,Loom,2,,0.0,23.0,0.0
570,Sidda Tightness,2,,0.0,23.0,0.0
570,Inputs,2,,0.0,23.0,0.0
570,Loom Tightness,2,,0.0,23.0,0.0
570,Design Accuracy,2,,0.0,23.0,0.0
570,Sidda Packedness,2,,0.0,23.0,0.0
570,Design Ability,2,,0.0,23.0,0.0
570,Overall,2,,0.0,23.0,0.0
505,Packedness,1,1.0,1.0,22.0,1.0
505,Corners,1,1.0,1.0,22.0,1.0
505,Waviness,1,,0.0,22.0,1.0
505,Weight,1,1.0,1.0,22.0,1.0
505,Touch,1,,0.0,22.0,1.0
505,Loom,2,,0.0,22.0,1.0
505,Sidda Tightness,2,,0.0,22.0,1.0
505,Inputs,1,,0.0,22.0,1.0
505,Loom Tightness,2,,0.0,22.0,1.0
505,Design Accuracy,1,1.0,1.0,22.0,1.0
505,Sidda Packedness,1,,0.0,22.0,1.0
505,Design Ability,1,,0.0,22.0,1.0
505,Overall,1,,0.0,22.0,1.0
520,Packedness,2,,0.0,22.0,0.0
520,Corners,2,,0.0,22.0,0.0
520,Waviness,2,,0.0,22.0,0.0
520,Weight,2,,0.0,22.0,0.0
520,Touch,2,,0.0,22.0,0.0
520,Loom,2,,0.0,22.0,0.0
520,Sidda Tightness,2,,0.0,22.0,0.0
520,Inputs,2,,0.0,22.0,0.0
520,Loom Tightness,2,,0.0,22.0,0.0
520,Design Accuracy,2,,0.0,22.0,0.0
520,Sidda Packedness,2,,0.0,22.0,0.0
520,Design Ability,2,,0.0,22.0,0.0
520,Overall,2,,0.0,22.0,0.0
564,Packedness,1,,0.0,21.0,1.0
564,Corners,1,,0.0,21.0,1.0
564,Waviness,2,,0.0,21.0,1.0
564,Weight,2,,0.0,21.0,1.0
564,Touch,1,,0.0,21.0,1.0
564,Loom,2,,0.0,21.0,1.0
564,Sidda Tightness,2,,0.0,21.0,1.0
564,Inputs,1,,0.0,21.0,1.0
564,Loom Tightness,2,,0.0,21.0,1.0
564,Design Accuracy,1,1.0,1.0,21.0,1.0
564,Sidda Packedness,2,,0.0,21.0,1.0
564,Design Ability,1,,0.0,21.0,1.0
564,Overall,1,,0.0,21.0,1.0
561,Packedness,1,,0.0,23.0,1.0
561,Corners,1,,0.0,23.0,1.0
561,Waviness,1,,0.0,23.0,1.0
561,Weight,1,1.0,1.0,23.0,1.0
561,Touch,1,,0.0,23.0,1.0
561,Loom,2,,0.0,23.0,1.0
561,Sidda Tightness,1,0.0,1.0,23.0,1.0
561,Inputs,1,,0.0,23.0,1.0
561,Loom Tightness,1,,0.0,23.0,1.0
561,Design Accuracy,1,,0.0,23.0,1.0
561,Sidda Packedness,1,,0.0,23.0,1.0
561,Design Ability,1,,0.0,23.0,1.0
561,Overall,1,,0.0,23.0,1.0
688,Packedness,1,1.0,1.0,23.0,0.0
688,Corners,1,,0.0,23.0,0.0
688,Waviness,2,,0.0,23.0,0.0
688,Weight,1,1.0,1.0,23.0,0.0
688,Touch,2,,0.0,23.0,0.0
688,Loom,2,,0.0,23.0,0.0
688,Sidda Tightness,1,,0.0,23.0,0.0
688,Inputs,2,,0.0,23.0,0.0
688,Loom Tightness,2,,0.0,23.0,0.0
688,Design Accuracy,2,,0.0,23.0,0.0
688,Sidda Packedness,2,,0.0,23.0,0.0
688,Design Ability,1,,0.0,23.0,0.0
688,Overall,1,,0.0,23.0,0.0
623,Packedness,2,,0.0,23.0,0.0
623,Corners,2,,0.0,23.0,0.0
623,Waviness,2,,0.0,23.0,0.0
623,Weight,2,1.0,1.0,23.0,0.0
623,Touch,2,,0.0,23.0,0.0
623,Loom,2,,0.0,23.0,0.0
623,Sidda Tightness,2,,0.0,23.0,0.0
623,Inputs,2,,0.0,23.0,0.0
623,Loom Tightness,2,,0.0,23.0,0.0
623,Design Accuracy,2,,0.0,23.0,0.0
623,Sidda Packedness,2,,0.0,23.0,0.0
623,Design Ability,2,,0.0,23.0,0.0
623,Overall,2,,0.0,23.0,0.0
661,Packedness,1,,0.0,21.0,0.0
661,Corners,1,,0.0,21.0,0.0
661,Waviness,1,,0.0,21.0,0.0
661,Weight,1,,0.0,21.0,0.0
661,Touch,1,,0.0,21.0,0.0
661,Loom,2,,0.0,21.0,0.0
661,Sidda Tightness,1,,0.0,21.0,0.0
661,Inputs,1,,0.0,21.0,0.0
661,Loom Tightness,1,,0.0,21.0,0.0
661,Design Accuracy,1,,0.0,21.0,0.0
661,Sidda Packedness,1,,0.0,21.0,0.0
661,Design Ability,1,,0.0,21.0,0.0
661,Overall,1,,0.0,21.0,0.0
603,Packedness,1,,0.0,22.0,0.0
603,Corners,1,,0.0,22.0,0.0
603,Waviness,2,,0.0,22.0,0.0
603,Weight,2,,0.0,22.0,0.0
603,Touch,1,,0.0,22.0,0.0
603,Loom,2,,0.0,22.0,0.0
603,Sidda Tightness,2,,0.0,22.0,0.0
603,Inputs,2,,0.0,22.0,0.0
603,Loom Tightness,2,,0.0,22.0,0.0
603,Design Accuracy,1,1.0,1.0,22.0,0.0
603,Sidda Packedness,2,,0.0,22.0,0.0
603,Design Ability,1,,0.0,22.0,0.0
603,Overall,1,,0.0,22.0,0.0
581,Packedness,2,,0.0,21.0,0.0
581,Corners,2,,0.0,21.0,0.0
581,Waviness,2,,0.0,21.0,0.0
581,Weight,2,0.0,1.0,21.0,0.0
581,Touch,2,,0.0,21.0,0.0
581,Loom,2,,0.0,21.0,0.0
581,Sidda Tightness,2,,0.0,21.0,0.0
581,Inputs,2,,0.0,21.0,0.0
581,Loom Tightness,2,,0.0,21.0,0.0
581,Design Accuracy,2,,0.0,21.0,0.0
581,Sidda Packedness,2,,0.0,21.0,0.0
581,Design Ability,2,,0.0,21.0,0.0
581,Overall,2,,0.0,21.0,0.0
681,Packedness,1,,0.0,23.0,1.0
681,Corners,1,,0.0,23.0,1.0
681,Waviness,2,,0.0,23.0,1.0
681,Weight,2,,0.0,23.0,1.0
681,Touch,2,,0.0,23.0,1.0
681,Loom,2,,0.0,23.0,1.0
681,Sidda Tightness,2,,0.0,23.0,1.0
681,Inputs,2,0.0,1.0,23.0,1.0
681,Loom Tightness,2,,0.0,23.0,1.0
681,Design Accuracy,1,,0.0,23.0,1.0
681,Sidda Packedness,1,0.0,1.0,23.0,1.0
681,Design Ability,1,,0.0,23.0,1.0
681,Overall,1,,0.0,23.0,1.0
682,Packedness,2,,0.0,22.0,0.0
682,Corners,2,,0.0,22.0,0.0
682,Waviness,2,,0.0,22.0,0.0
682,Weight,2,,0.0,22.0,0.0
682,Touch,2,,0.0,22.0,0.0
682,Loom,2,,0.0,22.0,0.0
682,Sidda Tightness,2,,0.0,22.0,0.0
682,Inputs,2,,0.0,22.0,0.0
682,Loom Tightness,2,,0.0,22.0,0.0
682,Design Accuracy,2,,0.0,22.0,0.0
682,Sidda Packedness,2,,0.0,22.0,0.0
682,Design Ability,2,,0.0,22.0,0.0
682,Overall,2,,0.0,22.0,0.0
670,Packedness,2,,0.0,21.0,0.0
670,Corners,1,,0.0,21.0,0.0
670,Waviness,2,,0.0,21.0,0.0
670,Weight,2,,0.0,21.0,0.0
670,Touch,2,,0.0,21.0,0.0
670,Loom,2,,0.0,21.0,0.0
670,Sidda Tightness,2,,0.0,21.0,0.0
670,Inputs,2,,0.0,21.0,0.0
670,Loom Tightness,2,,0.0,21.0,0.0
670,Design Accuracy,1,,0.0,21.0,0.0
670,Sidda Packedness,1,,0.0,21.0,0.0
670,Design Ability,1,,0.0,21.0,0.0
670,Overall,1,,0.0,21.0,0.0
559,Packedness,2,,0.0,21.0,0.0
559,Corners,2,,0.0,21.0,0.0
559,Waviness,2,,0.0,21.0,0.0
559,Weight,2,,0.0,21.0,0.0
559,Touch,2,,0.0,21.0,0.0
559,Loom,2,,0.0,21.0,0.0
559,Sidda Tightness,2,,0.0,21.0,0.0
559,Inputs,2,,0.0,21.0,0.0
559,Loom Tightness,2,,0.0,21.0,0.0
559,Design Accuracy,2,,0.0,21.0,0.0
559,Sidda Packedness,2,,0.0,21.0,0.0
559,Design Ability,2,,0.0,21.0,0.0
559,Overall,2,,0.0,21.0,0.0
540,Packedness,1,,0.0,23.0,0.0
540,Corners,1,,0.0,23.0,0.0
540,Waviness,1,,0.0,23.0,0.0
540,Weight,1,,0.0,23.0,0.0
540,Touch,1,,0.0,23.0,0.0
540,Loom,2,,0.0,23.0,0.0
540,Sidda Tightness,1,,0.0,23.0,0.0
540,Inputs,1,,0.0,23.0,0.0
540,Loom Tightness,1,,0.0,23.0,0.0
540,Design Accuracy,1,,0.0,23.0,0.0
540,Sidda Packedness,1,,0.0,23.0,0.0
540,Design Ability,1,,0.0,23.0,0.0
540,Overall,1,,0.0,23.0,0.0
541,Packedness,1,1.0,1.0,21.0,1.0
541,Corners,1,,0.0,21.0,1.0
541,Waviness,1,,0.0,21.0,1.0
541,Weight,1,1.0,1.0,21.0,1.0
541,Touch,1,,0.0,21.0,1.0
541,Loom,1,,0.0,21.0,1.0
541,Sidda Tightness,1,,0.0,21.0,1.0
541,Inputs,1,,0.0,21.0,1.0
541,Loom Tightness,1,,0.0,21.0,1.0
541,Design Accuracy,1,1.0,1.0,21.0,1.0
541,Sidda Packedness,1,,0.0,21.0,1.0
541,Design Ability,1,,0.0,21.0,1.0
541,Overall,1,,0.0,21.0,1.0
635,Packedness,2,,0.0,21.0,0.0
635,Corners,2,,0.0,21.0,0.0
635,Waviness,2,,0.0,21.0,0.0
635,Weight,2,,0.0,21.0,0.0
635,Touch,2,,0.0,21.0,0.0
635,Loom,2,,0.0,21.0,0.0
635,Sidda Tightness,2,,0.0,21.0,0.0
635,Inputs,2,,0.0,21.0,0.0
635,Loom Tightness,2,,0.0,21.0,0.0
635,Design Accuracy,2,,0.0,21.0,0.0
635,Sidda Packedness,2,,0.0,21.0,0.0
635,Design Ability,2,,0.0,21.0,0.0
635,Overall,2,,0.0,21.0,0.0
615,Packedness,1,,0.0,23.0,1.0
615,Corners,1,,0.0,23.0,1.0
615,Waviness,1,,0.0,23.0,1.0
615,Weight,1,,0.0,23.0,1.0
615,Touch,1,,0.0,23.0,1.0
615,Loom,1,,0.0,23.0,1.0
615,Sidda Tightness,1,,0.0,23.0,1.0
615,Inputs,1,,0.0,23.0,1.0
615,Loom Tightness,1,,0.0,23.0,1.0
615,Design Accuracy,1,,0.0,23.0,1.0
615,Sidda Packedness,1,,0.0,23.0,1.0
615,Design Ability,1,,0.0,23.0,1.0
615,Overall,1,,0.0,23.0,1.0
565,Packedness,1,,0.0,22.0,1.0
565,Corners,1,,0.0,22.0,1.0
565,Waviness,1,,0.0,22.0,1.0
565,Weight,1,,0.0,22.0,1.0
565,Touch,1,,0.0,22.0,1.0
565,Loom,1,,0.0,22.0,1.0
565,Sidda Tightness,1,,0.0,22.0,1.0
565,Inputs,1,,0.0,22.0,1.0
565,Loom Tightness,1,,0.0,22.0,1.0
565,Design Accuracy,1,,0.0,22.0,1.0
565,Sidda Packedness,1,,0.0,22.0,1.0
565,Design Ability,1,,0.0,22.0,1.0
565,Overall,1,,0.0,22.0,1.0
525,Packedness,2,,0.0,24.0,0.0
525,Corners,2,,0.0,24.0,0.0
525,Waviness,2,,0.0,24.0,0.0
525,Weight,2,,0.0,24.0,0.0
525,Touch,2,,0.0,24.0,0.0
525,Loom,2,,0.0,24.0,0.0
525,Sidda Tightness,1,,0.0,24.0,0.0
525,Inputs,1,,0.0,24.0,0.0
525,Loom Tightness,2,,0.0,24.0,0.0
525,Design Accuracy,1,,0.0,24.0,0.0
525,Sidda Packedness,2,,0.0,24.0,0.0
525,Design Ability,1,,0.0,24.0,0.0
525,Overall,1,,0.0,24.0,0.0
671,Packedness,1,,0.0,21.0,0.0
671,Corners,1,,0.0,21.0,0.0
671,Waviness,1,,0.0,21.0,0.0
671,Weight,1,,0.0,21.0,0.0
671,Touch,1,,0.0,21.0,0.0
671,Loom,2,,0.0,21.0,0.0
671,Sidda Tightness,2,,0.0,21.0,0.0
671,Inputs,2,,0.0,21.0,0.0
671,Loom Tightness,2,,0.0,21.0,0.0
671,Design Accuracy,1,,0.0,21.0,0.0
671,Sidda Packedness,1,,0.0,21.0,0.0
671,Design Ability,1,,0.0,21.0,0.0
671,Overall,1,,0.0,21.0,0.0
507,Packedness,1,,0.0,21.0,1.0
507,Corners,1,,0.0,21.0,1.0
507,Waviness,1,,0.0,21.0,1.0
507,Weight,1,,0.0,21.0,1.0
507,Touch,1,,0.0,21.0,1.0
507,Loom,2,,0.0,21.0,1.0
507,Sidda Tightness,1,,0.0,21.0,1.0
507,Inputs,2,,0.0,21.0,1.0
507,Loom Tightness,2,,0.0,21.0,1.0
507,Design Accuracy,1,,0.0,21.0,1.0
507,Sidda Packedness,1,,0.0,21.0,1.0
507,Design Ability,1,,0.0,21.0,1.0
507,Overall,1,,0.0,21.0,1.0
557,Packedness,2,,0.0,23.0,0.0
557,Corners,2,,0.0,23.0,0.0
557,Waviness,2,,0.0,23.0,0.0
557,Weight,2,,0.0,23.0,0.0
557,Touch,2,,0.0,23.0,0.0
557,Loom,2,,0.0,23.0,0.0
557,Sidda Tightness,2,,0.0,23.0,0.0
557,Inputs,2,,0.0,23.0,0.0
557,Loom Tightness,2,,0.0,23.0,0.0
557,Design Accuracy,2,,0.0,23.0,0.0
557,Sidda Packedness,2,,0.0,23.0,0.0
557,Design Ability,2,,0.0,23.0,0.0
557,Overall,2,,0.0,23.0,0.0
690,Packedness,1,,0.0,23.0,0.0
690,Corners,1,,0.0,23.0,0.0
690,Waviness,1,,0.0,23.0,0.0
690,Weight,1,,0.0,23.0,0.0
690,Touch,1,,0.0,23.0,0.0
690,Loom,1,,0.0,23.0,0.0
690,Sidda Tightness,1,,0.0,23.0,0.0
690,Inputs,1,,0.0,23.0,0.0
690,Loom Tightness,1,,0.0,23.0,0.0
690,Design Accuracy,1,,0.0,23.0,0.0
690,Sidda Packedness,1,,0.0,23.0,0.0
690,Design Ability,1,,0.0,23.0,0.0
690,Overall,1,,0.0,23.0,0.0
516,Packedness,1,,0.0,23.0,1.0
516,Corners,1,,0.0,23.0,1.0
516,Waviness,1,1.0,1.0,23.0,1.0
516,Weight,1,,0.0,23.0,1.0
516,Touch,1,,0.0,23.0,1.0
516,Loom,2,,0.0,23.0,1.0
516,Sidda Tightness,1,,0.0,23.0,1.0
516,Inputs,1,,0.0,23.0,1.0
516,Loom Tightness,1,,0.0,23.0,1.0
516,Design Accuracy,1,1.0,1.0,23.0,1.0
516,Sidda Packedness,1,,0.0,23.0,1.0
516,Design Ability,1,,0.0,23.0,1.0
516,Overall,1,,0.0,23.0,1.0
630,Packedness,1,,0.0,24.0,1.0
630,Corners,1,,0.0,24.0,1.0
630,Waviness,1,,0.0,24.0,1.0
630,Weight,1,,0.0,24.0,1.0
630,Touch,1,,0.0,24.0,1.0
630,Loom,2,,0.0,24.0,1.0
630,Sidda Tightness,1,1.0,1.0,24.0,1.0
630,Inputs,2,,0.0,24.0,1.0
630,Loom Tightness,2,,0.0,24.0,1.0
630,Design Accuracy,1,,0.0,24.0,1.0
630,Sidda Packedness,2,,0.0,24.0,1.0
630,Design Ability,1,,0.0,24.0,1.0
630,Overall,1,,0.0,24.0,1.0
702,Packedness,2,,0.0,21.0,0.0
702,Corners,2,,0.0,21.0,0.0
702,Waviness,2,,0.0,21.0,0.0
702,Weight,2,,0.0,21.0,0.0
702,Touch,2,,0.0,21.0,0.0
702,Loom,2,,0.0,21.0,0.0
702,Sidda Tightness,2,,0.0,21.0,0.0
702,Inputs,2,,0.0,21.0,0.0
702,Loom Tightness,2,,0.0,21.0,0.0
702,Design Accuracy,2,,0.0,21.0,0.0
702,Sidda Packedness,2,,0.0,21.0,0.0
702,Design Ability,2,,0.0,21.0,0.0
702,Overall,2,,0.0,21.0,0.0
533,Packedness,1,,0.0,21.0,1.0
533,Corners,1,,0.0,21.0,1.0
533,Waviness,1,,0.0,21.0,1.0
533,Weight,1,,0.0,21.0,1.0
533,Touch,1,,0.0,21.0,1.0
533,Loom,1,,0.0,21.0,1.0
533,Sidda Tightness,1,,0.0,21.0,1.0
533,Inputs,1,,0.0,21.0,1.0
533,Loom Tightness,1,,0.0,21.0,1.0
533,Design Accuracy,1,,0.0,21.0,1.0
533,Sidda Packedness,1,,0.0,21.0,1.0
533,Design Ability,1,,0.0,21.0,1.0
533,Overall,1,,0.0,21.0,1.0
616,Packedness,1,,0.0,21.0,1.0
616,Corners,2,,0.0,21.0,1.0
616,Waviness,1,,0.0,21.0,1.0
616,Weight,1,,0.0,21.0,1.0
616,Touch,1,,0.0,21.0,1.0
616,Loom,2,,0.0,21.0,1.0
616,Sidda Tightness,1,,0.0,21.0,1.0
616,Inputs,2,,0.0,21.0,1.0
616,Loom Tightness,2,,0.0,21.0,1.0
616,Design Accuracy,1,1.0,1.0,21.0,1.0
616,Sidda Packedness,1,1.0,1.0,21.0,1.0
616,Design Ability,1,,0.0,21.0,1.0
616,Overall,1,,0.0,21.0,1.0
633,Packedness,1,,0.0,23.0,0.0
633,Corners,1,,0.0,23.0,0.0
633,Waviness,2,,0.0,23.0,0.0
633,Weight,2,1.0,1.0,23.0,0.0
633,Touch,2,,0.0,23.0,0.0
633,Loom,2,,0.0,23.0,0.0
633,Sidda Tightness,1,,0.0,23.0,0.0
633,Inputs,1,,0.0,23.0,0.0
633,Loom Tightness,1,,0.0,23.0,0.0
633,Design Accuracy,1,1.0,1.0,23.0,0.0
633,Sidda Packedness,2,,0.0,23.0,0.0
633,Design Ability,1,,0.0,23.0,0.0
633,Overall,1,,0.0,23.0,0.0
539,Packedness,1,,0.0,23.0,1.0
539,Corners,1,,0.0,23.0,1.0
539,Waviness,1,,0.0,23.0,1.0
539,Weight,1,,0.0,23.0,1.0
539,Touch,1,,0.0,23.0,1.0
539,Loom,1,,0.0,23.0,1.0
539,Sidda Tightness,1,,0.0,23.0,1.0
539,Inputs,1,,0.0,23.0,1.0
539,Loom Tightness,1,,0.0,23.0,1.0
539,Design Accuracy,1,1.0,1.0,23.0,1.0
539,Sidda Packedness,1,,0.0,23.0,1.0
539,Design Ability,1,,0.0,23.0,1.0
539,Overall,1,,0.0,23.0,1.0
684,Packedness,1,,0.0,22.0,1.0
684,Corners,2,,0.0,22.0,1.0
684,Waviness,2,,0.0,22.0,1.0
684,Weight,1,,0.0,22.0,1.0
684,Touch,1,,0.0,22.0,1.0
684,Loom,2,,0.0,22.0,1.0
684,Sidda Tightness,2,,0.0,22.0,1.0
684,Inputs,2,,0.0,22.0,1.0
684,Loom Tightness,1,,0.0,22.0,1.0
684,Design Accuracy,1,,0.0,22.0,1.0
684,Sidda Packedness,2,,0.0,22.0,1.0
684,Design Ability,1,,0.0,22.0,1.0
684,Overall,1,,0.0,22.0,1.0
677,Packedness,1,,0.0,21.0,0.0
677,Corners,1,,0.0,21.0,0.0
677,Waviness,1,,0.0,21.0,0.0
677,Weight,1,,0.0,21.0,0.0
677,Touch,1,,0.0,21.0,0.0
677,Loom,1,,0.0,21.0,0.0
677,Sidda Tightness,1,,0.0,21.0,0.0
677,Inputs,1,,0.0,21.0,0.0
677,Loom Tightness,1,,0.0,21.0,0.0
677,Design Accuracy,1,,0.0,21.0,0.0
677,Sidda Packedness,1,,0.0,21.0,0.0
677,Design Ability,1,,0.0,21.0,0.0
677,Overall,1,,0.0,21.0,0.0
686,Packedness,2,,0.0,24.0,0.0
686,Corners,2,,0.0,24.0,0.0
686,Waviness,2,,0.0,24.0,0.0
686,Weight,2,,0.0,24.0,0.0
686,Touch,2,,0.0,24.0,0.0
686,Loom,2,,0.0,24.0,0.0
686,Sidda Tightness,2,,0.0,24.0,0.0
686,Inputs,2,,0.0,24.0,0.0
686,Loom Tightness,2,,0.0,24.0,0.0
686,Design Accuracy,2,,0.0,24.0,0.0
686,Sidda Packedness,2,,0.0,24.0,0.0
686,Design Ability,2,,0.0,24.0,0.0
686,Overall,2,,0.0,24.0,0.0
528,Packedness,1,,0.0,24.0,1.0
528,Corners,1,,0.0,24.0,1.0
528,Waviness,1,,0.0,24.0,1.0
528,Weight,1,,0.0,24.0,1.0
528,Touch,1,,0.0,24.0,1.0
528,Loom,1,,0.0,24.0,1.0
528,Sidda Tightness,1,,0.0,24.0,1.0
528,Inputs,1,,0.0,24.0,1.0
528,Loom Tightness,1,,0.0,24.0,1.0
528,Design Accuracy,1,,0.0,24.0,1.0
528,Sidda Packedness,1,,0.0,24.0,1.0
528,Design Ability,1,,0.0,24.0,1.0
528,Overall,1,,0.0,24.0,1.0
512,Packedness,1,,0.0,23.0,1.0
512,Corners,1,,0.0,23.0,1.0
512,Waviness,1,,0.0,23.0,1.0
512,Weight,1,,0.0,23.0,1.0
512,Touch,1,,0.0,23.0,1.0
512,Loom,2,,0.0,23.0,1.0
512,Sidda Tightness,1,1.0,1.0,23.0,1.0
512,Inputs,1,,0.0,23.0,1.0
512,Loom Tightness,1,,0.0,23.0,1.0
512,Design Accuracy,1,1.0,1.0,23.0,1.0
512,Sidda Packedness,1,,0.0,23.0,1.0
512,Design Ability,1,,0.0,23.0,1.0
512,Overall,1,,0.0,23.0,1.0
518,Packedness,1,1.0,1.0,24.0,1.0
518,Corners,2,,0.0,24.0,1.0
518,Waviness,1,1.0,1.0,24.0,1.0
518,Weight,1,,0.0,24.0,1.0
518,Touch,1,1.0,1.0,24.0,1.0
518,Loom,2,,0.0,24.0,1.0
518,Sidda Tightness,1,,0.0,24.0,1.0
518,Inputs,2,,0.0,24.0,1.0
518,Loom Tightness,1,,0.0,24.0,1.0
518,Design Accuracy,1,,0.0,24.0,1.0
518,Sidda Packedness,1,,0.0,24.0,1.0
518,Design Ability,1,,0.0,24.0,1.0
518,Overall,1,,0.0,24.0,1.0
622,Packedness,1,1.0,1.0,23.0,1.0
622,Corners,1,,0.0,23.0,1.0
622,Waviness,1,,0.0,23.0,1.0
622,Weight,1,1.0,1.0,23.0,1.0
622,Touch,1,1.0,1.0,23.0,1.0
622,Loom,2,,0.0,23.0,1.0
622,Sidda Tightness,1,,0.0,23.0,1.0
622,Inputs,1,,0.0,23.0,1.0
622,Loom Tightness,1,,0.0,23.0,1.0
622,Design Accuracy,1,,0.0,23.0,1.0
622,Sidda Packedness,1,1.0,1.0,23.0,1.0
622,Design Ability,1,,0.0,23.0,1.0
622,Overall,1,,0.0,23.0,1.0
547,Packedness,1,,0.0,23.0,1.0
547,Corners,1,,0.0,23.0,1.0
547,Waviness,1,,0.0,23.0,1.0
547,Weight,1,,0.0,23.0,1.0
547,Touch,1,,0.0,23.0,1.0
547,Loom,1,,0.0,23.0,1.0
547,Sidda Tightness,1,1.0,1.0,23.0,1.0
547,Inputs,1,,0.0,23.0,1.0
547,Loom Tightness,1,,0.0,23.0,1.0
547,Design Accuracy,1,,0.0,23.0,1.0
547,Sidda Packedness,1,,0.0,23.0,1.0
547,Design Ability,1,,0.0,23.0,1.0
547,Overall,1,,0.0,23.0,1.0
680,Packedness,2,,0.0,22.0,0.0
680,Corners,2,,0.0,22.0,0.0
680,Waviness,2,,0.0,22.0,0.0
680,Weight,2,,0.0,22.0,0.0
680,Touch,2,,0.0,22.0,0.0
680,Loom,2,,0.0,22.0,0.0
680,Sidda Tightness,2,,0.0,22.0,0.0
680,Inputs,2,,0.0,22.0,0.0
680,Loom Tightness,2,,0.0,22.0,0.0
680,Design Accuracy,2,,0.0,22.0,0.0
680,Sidda Packedness,2,,0.0,22.0,0.0
680,Design Ability,2,,0.0,22.0,0.0
680,Overall,2,,0.0,22.0,0.0
537,Packedness,1,,0.0,23.0,0.0
537,Corners,1,,0.0,23.0,0.0
537,Waviness,1,,0.0,23.0,0.0
537,Weight,1,1.0,1.0,23.0,0.0
537,Touch,1,,0.0,23.0,0.0
537,Loom,1,,0.0,23.0,0.0
537,Sidda Tightness,1,,0.0,23.0,0.0
537,Inputs,1,,0.0,23.0,0.0
537,Loom Tightness,1,,0.0,23.0,0.0
537,Design Accuracy,1,1.0,1.0,23.0,0.0
537,Sidda Packedness,1,,0.0,23.0,0.0
537,Design Ability,1,,0.0,23.0,0.0
537,Overall,1,,0.0,23.0,0.0
524,Packedness,1,,0.0,23.0,0.0
524,Corners,1,,0.0,23.0,0.0
524,Waviness,1,,0.0,23.0,0.0
524,Weight,2,,0.0,23.0,0.0
524,Touch,2,,0.0,23.0,0.0
524,Loom,2,,0.0,23.0,0.0
524,Sidda Tightness,1,,0.0,23.0,0.0
524,Inputs,1,,0.0,23.0,0.0
524,Loom Tightness,2,,0.0,23.0,0.0
524,Design Accuracy,1,,0.0,23.0,0.0
524,Sidda Packedness,2,,0.0,23.0,0.0
524,Design Ability,1,,0.0,23.0,0.0
524,Overall,1,,0.0,23.0,0.0
538,Packedness,2,,0.0,23.0,0.0
538,Corners,2,,0.0,23.0,0.0
538,Waviness,2,,0.0,23.0,0.0
538,Weight,2,,0.0,23.0,0.0
538,Touch,2,,0.0,23.0,0.0
538,Loom,2,,0.0,23.0,0.0
538,Sidda Tightness,2,,0.0,23.0,0.0
538,Inputs,2,,0.0,23.0,0.0
538,Loom Tightness,2,,0.0,23.0,0.0
538,Design Accuracy,2,,0.0,23.0,0.0
538,Sidda Packedness,2,,0.0,23.0,0.0
538,Design Ability,2,,0.0,23.0,0.0
538,Overall,2,,0.0,23.0,0.0
501,Packedness,2,,0.0,23.0,0.0
501,Corners,2,,0.0,23.0,0.0
501,Waviness,2,,0.0,23.0,0.0
501,Weight,2,,0.0,23.0,0.0
501,Touch,2,,0.0,23.0,0.0
501,Loom,2,,0.0,23.0,0.0
501,Sidda Tightness,2,,0.0,23.0,0.0
501,Inputs,2,,0.0,23.0,0.0
501,Loom Tightness,2,,0.0,23.0,0.0
501,Design Accuracy,2,,0.0,23.0,0.0
501,Sidda Packedness,2,,0.0,23.0,0.0
501,Design Ability,2,,0.0,23.0,0.0
501,Overall,2,,0.0,23.0,0.0
629,Packedness,2,,0.0,21.0,0.0
629,Corners,2,,0.0,21.0,0.0
629,Waviness,2,,0.0,21.0,0.0
629,Weight,2,,0.0,21.0,0.0
629,Touch,2,,0.0,21.0,0.0
629,Loom,2,,0.0,21.0,0.0
629,Sidda Tightness,2,,0.0,21.0,0.0
629,Inputs,2,,0.0,21.0,0.0
629,Loom Tightness,2,,0.0,21.0,0.0
629,Design Accuracy,2,,0.0,21.0,0.0
629,Sidda Packedness,2,,0.0,21.0,0.0
629,Design Ability,2,,0.0,21.0,0.0
629,Overall,2,,0.0,21.0,0.0
509,Packedness,2,,0.0,23.0,0.0
509,Corners,2,,0.0,23.0,0.0
509,Waviness,2,,0.0,23.0,0.0
509,Weight,2,,0.0,23.0,0.0
509,Touch,2,,0.0,23.0,0.0
509,Loom,2,,0.0,23.0,0.0
509,Sidda Tightness,2,,0.0,23.0,0.0
509,Inputs,2,,0.0,23.0,0.0
509,Loom Tightness,2,,0.0,23.0,0.0
509,Design Accuracy,2,,0.0,23.0,0.0
509,Sidda Packedness,2,,0.0,23.0,0.0
509,Design Ability,2,,0.0,23.0,0.0
509,Overall,2,,0.0,23.0,0.0
514,Packedness,2,,0.0,21.0,0.0
514,Corners,2,,0.0,21.0,0.0
514,Waviness,2,,0.0,21.0,0.0
514,Weight,2,,0.0,21.0,0.0
514,Touch,2,,0.0,21.0,0.0
514,Loom,2,,0.0,21.0,0.0
514,Sidda Tightness,2,,0.0,21.0,0.0
514,Inputs,2,,0.0,21.0,0.0
514,Loom Tightness,2,,0.0,21.0,0.0
514,Design Accuracy,1,,0.0,21.0,0.0
514,Sidda Packedness,2,,0.0,21.0,0.0
514,Design Ability,1,,0.0,21.0,0.0
514,Overall,2,,0.0,21.0,0.0
624,Packedness,2,,0.0,24.0,0.0
624,Corners,2,,0.0,24.0,0.0
624,Waviness,2,,0.0,24.0,0.0
624,Weight,2,1.0,1.0,24.0,0.0
624,Touch,2,,0.0,24.0,0.0
624,Loom,2,,0.0,24.0,0.0
624,Sidda Tightness,2,,0.0,24.0,0.0
624,Inputs,2,,0.0,24.0,0.0
624,Loom Tightness,2,,0.0,24.0,0.0
624,Design Accuracy,2,,0.0,24.0,0.0
624,Sidda Packedness,2,,0.0,24.0,0.0
624,Design Ability,2,,0.0,24.0,0.0
624,Overall,2,,0.0,24.0,0.0
667,Packedness,1,,0.0,24.0,0.0
667,Corners,2,,0.0,24.0,0.0
667,Waviness,2,,0.0,24.0,0.0
667,Weight,1,,0.0,24.0,0.0
667,Touch,2,,0.0,24.0,0.0
667,Loom,2,,0.0,24.0,0.0
667,Sidda Tightness,2,,0.0,24.0,0.0
667,Inputs,2,,0.0,24.0,0.0
667,Loom Tightness,2,,0.0,24.0,0.0
667,Design Accuracy,1,,0.0,24.0,0.0
667,Sidda Packedness,2,,0.0,24.0,0.0
667,Design Ability,1,,0.0,24.0,0.0
667,Overall,1,,0.0,24.0,0.0
548,Packedness,1,,0.0,23.0,0.0
548,Corners,1,,0.0,23.0,0.0
548,Waviness,1,,0.0,23.0,0.0
548,Weight,1,1.0,1.0,23.0,0.0
548,Touch,1,,0.0,23.0,0.0
548,Loom,1,,0.0,23.0,0.0
548,Sidda Tightness,1,,0.0,23.0,0.0
548,Inputs,1,,0.0,23.0,0.0
548,Loom Tightness,1,,0.0,23.0,0.0
548,Design Accuracy,1,1.0,1.0,23.0,0.0
548,Sidda Packedness,1,,0.0,23.0,0.0
548,Design Ability,1,,0.0,23.0,0.0
548,Overall,1,,0.0,23.0,0.0
550,Packedness,1,,0.0,23.0,1.0
550,Corners,1,1.0,1.0,23.0,1.0
550,Waviness,1,,0.0,23.0,1.0
550,Weight,1,,0.0,23.0,1.0
550,Touch,2,,0.0,23.0,1.0
550,Loom,2,,0.0,23.0,1.0
550,Sidda Tightness,1,,0.0,23.0,1.0
550,Inputs,1,,0.0,23.0,1.0
550,Loom Tightness,2,,0.0,23.0,1.0
550,Design Accuracy,1,,0.0,23.0,1.0
550,Sidda Packedness,2,,0.0,23.0,1.0
550,Design Ability,1,,0.0,23.0,1.0
550,Overall,1,,0.0,23.0,1.0
628,Packedness,2,,0.0,21.0,0.0
628,Corners,2,,0.0,21.0,0.0
628,Waviness,2,,0.0,21.0,0.0
628,Weight,2,,0.0,21.0,0.0
628,Touch,2,,0.0,21.0,0.0
628,Loom,2,,0.0,21.0,0.0
628,Sidda Tightness,2,,0.0,21.0,0.0
628,Inputs,2,,0.0,21.0,0.0
628,Loom Tightness,2,,0.0,21.0,0.0
628,Design Accuracy,2,,0.0,21.0,0.0
628,Sidda Packedness,2,,0.0,21.0,0.0
628,Design Ability,2,,0.0,21.0,0.0
628,Overall,2,,0.0,21.0,0.0
596,Packedness,1,,0.0,21.0,0.0
596,Corners,1,,0.0,21.0,0.0
596,Waviness,1,,0.0,21.0,0.0
596,Weight,1,,0.0,21.0,0.0
596,Touch,1,,0.0,21.0,0.0
596,Loom,1,,0.0,21.0,0.0
596,Sidda Tightness,1,,0.0,21.0,0.0
596,Inputs,1,,0.0,21.0,0.0
596,Loom Tightness,1,,0.0,21.0,0.0
596,Design Accuracy,1,,0.0,21.0,0.0
596,Sidda Packedness,1,,0.0,21.0,0.0
596,Design Ability,1,,0.0,21.0,0.0
596,Overall,1,,0.0,21.0,0.0
536,Packedness,1,,0.0,23.0,1.0
536,Corners,1,,0.0,23.0,1.0
536,Waviness,2,,0.0,23.0,1.0
536,Weight,1,1.0,1.0,23.0,1.0
536,Touch,2,,0.0,23.0,1.0
536,Loom,2,,0.0,23.0,1.0
536,Sidda Tightness,1,1.0,1.0,23.0,1.0
536,Inputs,1,,0.0,23.0,1.0
536,Loom Tightness,1,1.0,1.0,23.0,1.0
536,Design Accuracy,1,1.0,1.0,23.0,1.0
536,Sidda Packedness,2,,0.0,23.0,1.0
536,Design Ability,1,,0.0,23.0,1.0
536,Overall,1,,0.0,23.0,1.0
638,Packedness,2,,0.0,23.0,0.0
638,Corners,2,,0.0,23.0,0.0
638,Waviness,2,,0.0,23.0,0.0
638,Weight,2,,0.0,23.0,0.0
638,Touch,2,,0.0,23.0,0.0
638,Loom,2,,0.0,23.0,0.0
638,Sidda Tightness,2,,0.0,23.0,0.0
638,Inputs,2,,0.0,23.0,0.0
638,Loom Tightness,2,,0.0,23.0,0.0
638,Design Accuracy,2,,0.0,23.0,0.0
638,Sidda Packedness,2,,0.0,23.0,0.0
638,Design Ability,2,,0.0,23.0,0.0
638,Overall,2,,0.0,23.0,0.0
560,Packedness,2,,0.0,23.0,0.0
560,Corners,2,,0.0,23.0,0.0
560,Waviness,2,,0.0,23.0,0.0
560,Weight,2,,0.0,23.0,0.0
560,Touch,2,,0.0,23.0,0.0
560,Loom,2,,0.0,23.0,0.0
560,Sidda Tightness,2,,0.0,23.0,0.0
560,Inputs,2,,0.0,23.0,0.0
560,Loom Tightness,2,,0.0,23.0,0.0
560,Design Accuracy,2,,0.0,23.0,0.0
560,Sidda Packedness,2,,0.0,23.0,0.0
560,Design Ability,2,,0.0,23.0,0.0
560,Overall,2,,0.0,23.0,0.0
679,Packedness,1,,0.0,21.0,1.0
679,Corners,1,,0.0,21.0,1.0
679,Waviness,1,,0.0,21.0,1.0
679,Weight,1,1.0,1.0,21.0,1.0
679,Touch,1,,0.0,21.0,1.0
679,Loom,2,,0.0,21.0,1.0
679,Sidda Tightness,1,,0.0,21.0,1.0
679,Inputs,1,,0.0,21.0,1.0
679,Loom Tightness,2,,0.0,21.0,1.0
679,Design Accuracy,1,,0.0,21.0,1.0
679,Sidda Packedness,1,,0.0,21.0,1.0
679,Design Ability,1,,0.0,21.0,1.0
679,Overall,1,,0.0,21.0,1.0
678,Packedness,1,,0.0,24.0,0.0
678,Corners,1,,0.0,24.0,0.0
678,Waviness,2,,0.0,24.0,0.0
678,Weight,1,,0.0,24.0,0.0
678,Touch,2,,0.0,24.0,0.0
678,Loom,1,,0.0,24.0,0.0
678,Sidda Tightness,2,,0.0,24.0,0.0
678,Inputs,1,,0.0,24.0,0.0
678,Loom Tightness,2,,0.0,24.0,0.0
678,Design Accuracy,1,1.0,1.0,24.0,0.0
678,Sidda Packedness,2,,0.0,24.0,0.0
678,Design Ability,1,,0.0,24.0,0.0
678,Overall,1,,0.0,24.0,0.0
689,Packedness,1,,0.0,24.0,0.0
689,Corners,1,,0.0,24.0,0.0
689,Waviness,1,,0.0,24.0,0.0
689,Weight,1,,0.0,24.0,0.0
689,Touch,1,,0.0,24.0,0.0
689,Loom,1,,0.0,24.0,0.0
689,Sidda Tightness,1,1.0,1.0,24.0,0.0
689,Inputs,1,,0.0,24.0,0.0
689,Loom Tightness,1,,0.0,24.0,0.0
689,Design Accuracy,1,1.0,1.0,24.0,0.0
689,Sidda Packedness,1,,0.0,24.0,0.0
689,Design Ability,1,,0.0,24.0,0.0
689,Overall,1,,0.0,24.0,0.0
674,Packedness,2,,0.0,21.0,0.0
674,Corners,2,,0.0,21.0,0.0
674,Waviness,2,,0.0,21.0,0.0
674,Weight,2,,0.0,21.0,0.0
674,Touch,2,,0.0,21.0,0.0
674,Loom,2,,0.0,21.0,0.0
674,Sidda Tightness,2,,0.0,21.0,0.0
674,Inputs,2,,0.0,21.0,0.0
674,Loom Tightness,2,,0.0,21.0,0.0
674,Design Accuracy,2,,0.0,21.0,0.0
674,Sidda Packedness,2,,0.0,21.0,0.0
674,Design Ability,2,,0.0,21.0,0.0
674,Overall,2,,0.0,21.0,0.0
601,Packedness,1,,0.0,23.0,1.0
601,Corners,1,,0.0,23.0,1.0
601,Waviness,1,,0.0,23.0,1.0
601,Weight,1,1.0,1.0,23.0,1.0
601,Touch,1,,0.0,23.0,1.0
601,Loom,2,,0.0,23.0,1.0
601,Sidda Tightness,1,,0.0,23.0,1.0
601,Inputs,1,,0.0,23.0,1.0
601,Loom Tightness,1,,0.0,23.0,1.0
601,Design Accuracy,1,1.0,1.0,23.0,1.0
601,Sidda Packedness,1,,0.0,23.0,1.0
601,Design Ability,1,,0.0,23.0,1.0
601,Overall,1,,0.0,23.0,1.0
675,Packedness,1,1.0,1.0,21.0,0.0
675,Corners,2,,0.0,21.0,0.0
675,Waviness,2,,0.0,21.0,0.0
675,Weight,2,,0.0,21.0,0.0
675,Touch,2,,0.0,21.0,0.0
675,Loom,2,,0.0,21.0,0.0
675,Sidda Tightness,2,,0.0,21.0,0.0
675,Inputs,2,,0.0,21.0,0.0
675,Loom Tightness,2,,0.0,21.0,0.0
675,Design Accuracy,2,,0.0,21.0,0.0
675,Sidda Packedness,2,,0.0,21.0,0.0
675,Design Ability,2,,0.0,21.0,0.0
675,Overall,2,,0.0,21.0,0.0
573,Packedness,1,,0.0,21.0,1.0
573,Corners,1,,0.0,21.0,1.0
573,Waviness,1,,0.0,21.0,1.0
573,Weight,1,,0.0,21.0,1.0
573,Touch,1,,0.0,21.0,1.0
573,Loom,1,,0.0,21.0,1.0
573,Sidda Tightness,1,1.0,1.0,21.0,1.0
573,Inputs,1,,0.0,21.0,1.0
573,Loom Tightness,1,,0.0,21.0,1.0
573,Design Accuracy,1,,0.0,21.0,1.0
573,Sidda Packedness,1,,0.0,21.0,1.0
573,Design Ability,1,,0.0,21.0,1.0
573,Overall,1,,0.0,21.0,1.0
668,Packedness,1,,0.0,21.0,0.0
668,Corners,1,,0.0,21.0,0.0
668,Waviness,1,,0.0,21.0,0.0
668,Weight,1,1.0,1.0,21.0,0.0
668,Touch,2,,0.0,21.0,0.0
668,Loom,2,,0.0,21.0,0.0
668,Sidda Tightness,1,,0.0,21.0,0.0
668,Inputs,2,,0.0,21.0,0.0
668,Loom Tightness,2,,0.0,21.0,0.0
668,Design Accuracy,1,,0.0,21.0,0.0
668,Sidda Packedness,1,,0.0,21.0,0.0
668,Design Ability,1,,0.0,21.0,0.0
668,Overall,1,,0.0,21.0,0.0
666,Packedness,1,,0.0,23.0,0.0
666,Corners,2,,0.0,23.0,0.0
666,Waviness,2,,0.0,23.0,0.0
666,Weight,2,1.0,1.0,23.0,0.0
666,Touch,2,,0.0,23.0,0.0
666,Loom,2,,0.0,23.0,0.0
666,Sidda Tightness,1,,0.0,23.0,0.0
666,Inputs,2,,0.0,23.0,0.0
666,Loom Tightness,2,,0.0,23.0,0.0
666,Design Accuracy,1,,0.0,23.0,0.0
666,Sidda Packedness,2,,0.0,23.0,0.0
666,Design Ability,2,,0.0,23.0,0.0
666,Overall,1,,0.0,23.0,0.0
648,Packedness,2,,0.0,21.0,0.0
648,Corners,2,,0.0,21.0,0.0
648,Waviness,2,,0.0,21.0,0.0
648,Weight,2,,0.0,21.0,0.0
648,Touch,2,,0.0,21.0,0.0
648,Loom,2,,0.0,21.0,0.0
648,Sidda Tightness,2,,0.0,21.0,0.0
648,Inputs,2,,0.0,21.0,0.0
648,Loom Tightness,2,,0.0,21.0,0.0
648,Design Accuracy,2,,0.0,21.0,0.0
648,Sidda Packedness,2,,0.0,21.0,0.0
648,Design Ability,2,,0.0,21.0,0.0
648,Overall,2,,0.0,21.0,0.0
611,Packedness,1,,0.0,21.0,1.0
611,Corners,1,1.0,1.0,21.0,1.0
611,Waviness,1,,0.0,21.0,1.0
611,Weight,1,,0.0,21.0,1.0
611,Touch,1,,0.0,21.0,1.0
611,Loom,2,,0.0,21.0,1.0
611,Sidda Tightness,1,,0.0,21.0,1.0
611,Inputs,1,,0.0,21.0,1.0
611,Loom Tightness,1,,0.0,21.0,1.0
611,Design Accuracy,1,1.0,1.0,21.0,1.0
611,Sidda Packedness,1,,0.0,21.0,1.0
611,Design Ability,1,,0.0,21.0,1.0
611,Overall,1,,0.0,21.0,1.0
620,Packedness,1,,0.0,21.0,1.0
620,Corners,1,,0.0,21.0,1.0
620,Waviness,1,,0.0,21.0,1.0
620,Weight,1,,0.0,21.0,1.0
620,Touch,1,,0.0,21.0,1.0
620,Loom,2,,0.0,21.0,1.0
620,Sidda Tightness,1,1.0,1.0,21.0,1.0
620,Inputs,2,,0.0,21.0,1.0
620,Loom Tightness,1,,0.0,21.0,1.0
620,Design Accuracy,1,,0.0,21.0,1.0
620,Sidda Packedness,1,,0.0,21.0,1.0
620,Design Ability,1,,0.0,21.0,1.0
620,Overall,1,,0.0,21.0,1.0
687,Packedness,2,,0.0,23.0,0.0
687,Corners,2,,0.0,23.0,0.0
687,Waviness,2,,0.0,23.0,0.0
687,Weight,2,,0.0,23.0,0.0
687,Touch,2,,0.0,23.0,0.0
687,Loom,2,,0.0,23.0,0.0
687,Sidda Tightness,2,,0.0,23.0,0.0
687,Inputs,2,,0.0,23.0,0.0
687,Loom Tightness,2,,0.0,23.0,0.0
687,Design Accuracy,2,,0.0,23.0,0.0
687,Sidda Packedness,2,,0.0,23.0,0.0
687,Design Ability,2,,0.0,23.0,0.0
687,Overall,2,,0.0,23.0,0.0
632,Packedness,1,,0.0,22.0,0.0
632,Corners,1,,0.0,22.0,0.0
632,Waviness,1,,0.0,22.0,0.0
632,Weight,1,,0.0,22.0,0.0
632,Touch,1,,0.0,22.0,0.0
632,Loom,2,,0.0,22.0,0.0
632,Sidda Tightness,1,,0.0,22.0,0.0
632,Inputs,1,1.0,1.0,22.0,0.0
632,Loom Tightness,1,,0.0,22.0,0.0
632,Design Accuracy,1,1.0,1.0,22.0,0.0
632,Sidda Packedness,1,,0.0,22.0,0.0
632,Design Ability,1,,0.0,22.0,0.0
632,Overall,1,,0.0,22.0,0.0
526,Packedness,1,,0.0,23.0,1.0
526,Corners,2,,0.0,23.0,1.0
526,Waviness,1,,0.0,23.0,1.0
526,Weight,1,0.0,1.0,23.0,1.0
526,Touch,2,,0.0,23.0,1.0
526,Loom,2,,0.0,23.0,1.0
526,Sidda Tightness,1,,0.0,23.0,1.0
526,Inputs,2,,0.0,23.0,1.0
526,Loom Tightness,1,,0.0,23.0,1.0
526,Design Accuracy,1,,0.0,23.0,1.0
526,Sidda Packedness,1,,0.0,23.0,1.0
526,Design Ability,1,,0.0,23.0,1.0
526,Overall,1,,0.0,23.0,1.0
626,Packedness,1,1.0,1.0,23.0,1.0
626,Corners,1,,0.0,23.0,1.0
626,Waviness,1,,0.0,23.0,1.0
626,Weight,1,,0.0,23.0,1.0
626,Touch,1,,0.0,23.0,1.0
626,Loom,2,,0.0,23.0,1.0
626,Sidda Tightness,1,1.0,1.0,23.0,1.0
626,Inputs,1,,0.0,23.0,1.0
626,Loom Tightness,2,,0.0,23.0,1.0
626,Design Accuracy,1,,0.0,23.0,1.0
626,Sidda Packedness,1,,0.0,23.0,1.0
626,Design Ability,1,,0.0,23.0,1.0
626,Overall,1,,0.0,23.0,1.0
549,Packedness,1,1.0,1.0,23.0,1.0
549,Corners,1,,0.0,23.0,1.0
549,Waviness,1,,0.0,23.0,1.0
549,Weight,1,1.0,1.0,23.0,1.0
549,Touch,1,,0.0,23.0,1.0
549,Loom,1,,0.0,23.0,1.0
549,Sidda Tightness,1,1.0,1.0,23.0,1.0
549,Inputs,1,,0.0,23.0,1.0
549,Loom Tightness,1,,0.0,23.0,1.0
549,Design Accuracy,1,1.0,1.0,23.0,1.0
549,Sidda Packedness,1,,0.0,23.0,1.0
549,Design Ability,1,,0.0,23.0,1.0
549,Overall,1,,0.0,23.0,1.0
642,Packedness,1,,0.0,23.0,0.0
642,Corners,1,,0.0,23.0,0.0
642,Waviness,1,,0.0,23.0,0.0
642,Weight,1,,0.0,23.0,0.0
642,Touch,1,,0.0,23.0,0.0
642,Loom,1,,0.0,23.0,0.0
642,Sidda Tightness,1,,0.0,23.0,0.0
642,Inputs,1,,0.0,23.0,0.0
642,Loom Tightness,1,,0.0,23.0,0.0
642,Design Accuracy,1,,0.0,23.0,0.0
642,Sidda Packedness,1,,0.0,23.0,0.0
642,Design Ability,1,,0.0,23.0,0.0
642,Overall,1,,0.0,23.0,0.0
534,Packedness,1,,0.0,23.0,1.0
534,Corners,1,,0.0,23.0,1.0
534,Waviness,1,1.0,1.0,23.0,1.0
534,Weight,1,1.0,1.0,23.0,1.0
534,Touch,1,,0.0,23.0,1.0
534,Loom,1,,0.0,23.0,1.0
534,Sidda Tightness,1,1.0,1.0,23.0,1.0
534,Inputs,1,,0.0,23.0,1.0
534,Loom Tightness,1,,0.0,23.0,1.0
534,Design Accuracy,1,,0.0,23.0,1.0
534,Sidda Packedness,1,,0.0,23.0,1.0
534,Design Ability,1,,0.0,23.0,1.0
534,Overall,1,,0.0,23.0,1.0
319,Packedness,1,,0.0,3.0,1.0
319,Corners,1,,0.0,3.0,1.0
319,Waviness,1,,0.0,3.0,1.0
319,Weight,1,1.0,1.0,3.0,1.0
319,Touch,1,,0.0,3.0,1.0
319,Loom,1,,0.0,3.0,1.0
319,Sidda Tightness,1,1.0,1.0,3.0,1.0
319,Inputs,1,,0.0,3.0,1.0
319,Loom Tightness,1,,0.0,3.0,1.0
319,Design Accuracy,1,,0.0,3.0,1.0
319,Sidda Packedness,1,,0.0,3.0,1.0
319,Design Ability,1,,0.0,3.0,1.0
319,Overall,1,,0.0,3.0,1.0
406,Packedness,1,1.0,1.0,2.0,1.0
406,Corners,1,,0.0,2.0,1.0
406,Waviness,1,,0.0,2.0,1.0
406,Weight,1,,0.0,2.0,1.0
406,Touch,1,,0.0,2.0,1.0
406,Loom,2,,0.0,2.0,1.0
406,Sidda Tightness,1,1.0,1.0,2.0,1.0
406,Inputs,1,,0.0,2.0,1.0
406,Loom Tightness,1,,0.0,2.0,1.0
406,Design Accuracy,1,,0.0,2.0,1.0
406,Sidda Packedness,1,,0.0,2.0,1.0
406,Design Ability,1,,0.0,2.0,1.0
406,Overall,1,,0.0,2.0,1.0
465,Packedness,1,,0.0,3.0,1.0
465,Corners,1,,0.0,3.0,1.0
465,Waviness,1,,0.0,3.0,1.0
465,Weight,1,1.0,1.0,3.0,1.0
465,Touch,1,,0.0,3.0,1.0
465,Loom,1,,0.0,3.0,1.0
465,Sidda Tightness,1,1.0,1.0,3.0,1.0
465,Inputs,1,,0.0,3.0,1.0
465,Loom Tightness,1,,0.0,3.0,1.0
465,Design Accuracy,1,1.0,1.0,3.0,1.0
465,Sidda Packedness,1,,0.0,3.0,1.0
465,Design Ability,1,,0.0,3.0,1.0
465,Overall,1,,0.0,3.0,1.0
338,Packedness,1,,0.0,2.0,1.0
338,Corners,1,,0.0,2.0,1.0
338,Waviness,1,,0.0,2.0,1.0
338,Weight,1,,0.0,2.0,1.0
338,Touch,1,,0.0,2.0,1.0
338,Loom,1,,0.0,2.0,1.0
338,Sidda Tightness,1,,0.0,2.0,1.0
338,Inputs,1,,0.0,2.0,1.0
338,Loom Tightness,1,,0.0,2.0,1.0
338,Design Accuracy,1,1.0,1.0,2.0,1.0
338,Sidda Packedness,1,,0.0,2.0,1.0
338,Design Ability,1,,0.0,2.0,1.0
338,Overall,1,,0.0,2.0,1.0
347,Packedness,1,,0.0,2.0,1.0
347,Corners,1,,0.0,2.0,1.0
347,Waviness,1,,0.0,2.0,1.0
347,Weight,1,,0.0,2.0,1.0
347,Touch,1,,0.0,2.0,1.0
347,Loom,2,,0.0,2.0,1.0
347,Sidda Tightness,1,,0.0,2.0,1.0
347,Inputs,2,,0.0,2.0,1.0
347,Loom Tightness,1,,0.0,2.0,1.0
347,Design Accuracy,1,,0.0,2.0,1.0
347,Sidda Packedness,1,1.0,1.0,2.0,1.0
347,Design Ability,1,,0.0,2.0,1.0
347,Overall,1,,0.0,2.0,1.0
429,Packedness,2,,0.0,3.0,1.0
429,Corners,2,,0.0,3.0,1.0
429,Waviness,2,,0.0,3.0,1.0
429,Weight,2,,0.0,3.0,1.0
429,Touch,2,,0.0,3.0,1.0
429,Loom,2,,0.0,3.0,1.0
429,Sidda Tightness,2,,0.0,3.0,1.0
429,Inputs,2,,0.0,3.0,1.0
429,Loom Tightness,2,,0.0,3.0,1.0
429,Design Accuracy,2,,0.0,3.0,1.0
429,Sidda Packedness,2,,0.0,3.0,1.0
429,Design Ability,2,,0.0,3.0,1.0
429,Overall,2,,0.0,3.0,1.0
316,Packedness,1,,0.0,2.0,1.0
316,Corners,1,,0.0,2.0,1.0
316,Waviness,1,,0.0,2.0,1.0
316,Weight,1,1.0,1.0,2.0,1.0
316,Touch,1,,0.0,2.0,1.0
316,Loom,1,,0.0,2.0,1.0
316,Sidda Tightness,1,,0.0,2.0,1.0
316,Inputs,1,1.0,1.0,2.0,1.0
316,Loom Tightness,1,,0.0,2.0,1.0
316,Design Accuracy,1,,0.0,2.0,1.0
316,Sidda Packedness,1,,0.0,2.0,1.0
316,Design Ability,1,,0.0,2.0,1.0
316,Overall,1,,0.0,2.0,1.0
25,Packedness,2,,0.0,2.0,1.0
25,Corners,2,,0.0,2.0,1.0
25,Waviness,2,,0.0,2.0,1.0
25,Weight,2,,0.0,2.0,1.0
25,Touch,2,,0.0,2.0,1.0
25,Loom,2,,0.0,2.0,1.0
25,Sidda Tightness,2,,0.0,2.0,1.0
25,Inputs,2,,0.0,2.0,1.0
25,Loom Tightness,2,,0.0,2.0,1.0
25,Design Accuracy,2,,0.0,2.0,1.0
25,Sidda Packedness,2,,0.0,2.0,1.0
25,Design Ability,2,,0.0,2.0,1.0
25,Overall,2,,0.0,2.0,1.0
352,Packedness,1,,0.0,2.0,1.0
352,Corners,1,,0.0,2.0,1.0
352,Waviness,1,,0.0,2.0,1.0
352,Weight,1,,0.0,2.0,1.0
352,Touch,1,,0.0,2.0,1.0
352,Loom,2,,0.0,2.0,1.0
352,Sidda Tightness,1,1.0,1.0,2.0,1.0
352,Inputs,1,,0.0,2.0,1.0
352,Loom Tightness,1,,0.0,2.0,1.0
352,Design Accuracy,1,1.0,1.0,2.0,1.0
352,Sidda Packedness,1,,0.0,2.0,1.0
352,Design Ability,1,,0.0,2.0,1.0
352,Overall,1,,0.0,2.0,1.0
300,Packedness,1,0.0,1.0,2.0,1.0
300,Corners,1,,0.0,2.0,1.0
300,Waviness,1,,0.0,2.0,1.0
300,Weight,1,,0.0,2.0,1.0
300,Touch,1,,0.0,2.0,1.0
300,Loom,1,,0.0,2.0,1.0
300,Sidda Tightness,1,0.0,1.0,2.0,1.0
300,Inputs,1,,0.0,2.0,1.0
300,Loom Tightness,1,,0.0,2.0,1.0
300,Design Accuracy,1,,0.0,2.0,1.0
300,Sidda Packedness,1,,0.0,2.0,1.0
300,Design Ability,1,,0.0,2.0,1.0
300,Overall,1,,0.0,2.0,1.0
428,Packedness,2,,0.0,3.0,1.0
428,Corners,2,,0.0,3.0,1.0
428,Waviness,2,,0.0,3.0,1.0
428,Weight,2,1.0,1.0,3.0,1.0
428,Touch,2,,0.0,3.0,1.0
428,Loom,2,,0.0,3.0,1.0
428,Sidda Tightness,2,,0.0,3.0,1.0
428,Inputs,2,,0.0,3.0,1.0
428,Loom Tightness,2,,0.0,3.0,1.0
428,Design Accuracy,2,,0.0,3.0,1.0
428,Sidda Packedness,2,,0.0,3.0,1.0
428,Design Ability,2,,0.0,3.0,1.0
428,Overall,2,,0.0,3.0,1.0
446,Packedness,1,,0.0,3.0,1.0
446,Corners,1,,0.0,3.0,1.0
446,Waviness,1,,0.0,3.0,1.0
446,Weight,1,,0.0,3.0,1.0
446,Touch,1,1.0,1.0,3.0,1.0
446,Loom,2,,0.0,3.0,1.0
446,Sidda Tightness,1,1.0,1.0,3.0,1.0
446,Inputs,1,,0.0,3.0,1.0
446,Loom Tightness,1,,0.0,3.0,1.0
446,Design Accuracy,1,1.0,1.0,3.0,1.0
446,Sidda Packedness,1,,0.0,3.0,1.0
446,Design Ability,1,,0.0,3.0,1.0
446,Overall,1,,0.0,3.0,1.0
188,Packedness,2,,0.0,3.0,1.0
188,Corners,2,,0.0,3.0,1.0
188,Waviness,2,,0.0,3.0,1.0
188,Weight,2,,0.0,3.0,1.0
188,Touch,2,,0.0,3.0,1.0
188,Loom,2,,0.0,3.0,1.0
188,Sidda Tightness,2,,0.0,3.0,1.0
188,Inputs,2,,0.0,3.0,1.0
188,Loom Tightness,2,,0.0,3.0,1.0
188,Design Accuracy,2,,0.0,3.0,1.0
188,Sidda Packedness,2,,0.0,3.0,1.0
188,Design Ability,2,,0.0,3.0,1.0
188,Overall,2,,0.0,3.0,1.0
298,Packedness,1,,0.0,3.0,1.0
298,Corners,1,1.0,1.0,3.0,1.0
298,Waviness,1,,0.0,3.0,1.0
298,Weight,1,,0.0,3.0,1.0
298,Touch,1,1.0,1.0,3.0,1.0
298,Loom,2,,0.0,3.0,1.0
298,Sidda Tightness,1,,0.0,3.0,1.0
298,Inputs,2,,0.0,3.0,1.0
298,Loom Tightness,2,,0.0,3.0,1.0
298,Design Accuracy,1,,0.0,3.0,1.0
298,Sidda Packedness,2,,0.0,3.0,1.0
298,Design Ability,1,,0.0,3.0,1.0
298,Overall,1,,0.0,3.0,1.0
413,Packedness,1,,0.0,2.0,1.0
413,Corners,1,,0.0,2.0,1.0
413,Waviness,1,,0.0,2.0,1.0
413,Weight,1,,0.0,2.0,1.0
413,Touch,1,,0.0,2.0,1.0
413,Loom,2,,0.0,2.0,1.0
413,Sidda Tightness,1,,0.0,2.0,1.0
413,Inputs,1,,0.0,2.0,1.0
413,Loom Tightness,1,,0.0,2.0,1.0
413,Design Accuracy,1,,0.0,2.0,1.0
413,Sidda Packedness,1,,0.0,2.0,1.0
413,Design Ability,1,,0.0,2.0,1.0
413,Overall,1,,0.0,2.0,1.0
439,Packedness,2,,0.0,1.0,1.0
439,Corners,2,,0.0,1.0,1.0
439,Waviness,2,,0.0,1.0,1.0
439,Weight,2,,0.0,1.0,1.0
439,Touch,2,,0.0,1.0,1.0
439,Loom,2,,0.0,1.0,1.0
439,Sidda Tightness,2,,0.0,1.0,1.0
439,Inputs,2,,0.0,1.0,1.0
439,Loom Tightness,2,,0.0,1.0,1.0
439,Design Accuracy,2,,0.0,1.0,1.0
439,Sidda Packedness,2,,0.0,1.0,1.0
439,Design Ability,2,,0.0,1.0,1.0
439,Overall,2,,0.0,1.0,1.0
313,Packedness,2,,0.0,4.0,1.0
313,Corners,2,,0.0,4.0,1.0
313,Waviness,2,,0.0,4.0,1.0
313,Weight,2,,0.0,4.0,1.0
313,Touch,2,,0.0,4.0,1.0
313,Loom,2,,0.0,4.0,1.0
313,Sidda Tightness,2,,0.0,4.0,1.0
313,Inputs,2,,0.0,4.0,1.0
313,Loom Tightness,2,,0.0,4.0,1.0
313,Design Accuracy,2,,0.0,4.0,1.0
313,Sidda Packedness,2,,0.0,4.0,1.0
313,Design Ability,2,,0.0,4.0,1.0
313,Overall,2,,0.0,4.0,1.0
422,Packedness,1,,0.0,2.0,1.0
422,Corners,2,,0.0,2.0,1.0
422,Waviness,2,,0.0,2.0,1.0
422,Weight,1,,0.0,2.0,1.0
422,Touch,2,,0.0,2.0,1.0
422,Loom,1,,0.0,2.0,1.0
422,Sidda Tightness,2,,0.0,2.0,1.0
422,Inputs,2,,0.0,2.0,1.0
422,Loom Tightness,2,,0.0,2.0,1.0
422,Design Accuracy,1,,0.0,2.0,1.0
422,Sidda Packedness,2,,0.0,2.0,1.0
422,Design Ability,2,,0.0,2.0,1.0
422,Overall,2,,0.0,2.0,1.0
312,Packedness,2,,0.0,3.0,1.0
312,Corners,2,,0.0,3.0,1.0
312,Waviness,2,,0.0,3.0,1.0
312,Weight,2,,0.0,3.0,1.0
312,Touch,2,,0.0,3.0,1.0
312,Loom,2,,0.0,3.0,1.0
312,Sidda Tightness,2,,0.0,3.0,1.0
312,Inputs,2,,0.0,3.0,1.0
312,Loom Tightness,2,,0.0,3.0,1.0
312,Design Accuracy,2,,0.0,3.0,1.0
312,Sidda Packedness,2,,0.0,3.0,1.0
312,Design Ability,2,,0.0,3.0,1.0
312,Overall,2,,0.0,3.0,1.0
438,Packedness,1,,0.0,2.0,1.0
438,Corners,1,,0.0,2.0,1.0
438,Waviness,1,,0.0,2.0,1.0
438,Weight,2,,0.0,2.0,1.0
438,Touch,2,,0.0,2.0,1.0
438,Loom,2,,0.0,2.0,1.0
438,Sidda Tightness,1,,0.0,2.0,1.0
438,Inputs,1,,0.0,2.0,1.0
438,Loom Tightness,1,,0.0,2.0,1.0
438,Design Accuracy,1,1.0,1.0,2.0,1.0
438,Sidda Packedness,1,,0.0,2.0,1.0
438,Design Ability,1,,0.0,2.0,1.0
438,Overall,1,,0.0,2.0,1.0
348,Packedness,1,,0.0,2.0,1.0
348,Corners,1,,0.0,2.0,1.0
348,Waviness,1,,0.0,2.0,1.0
348,Weight,1,,0.0,2.0,1.0
348,Touch,1,,0.0,2.0,1.0
348,Loom,1,,0.0,2.0,1.0
348,Sidda Tightness,1,,0.0,2.0,1.0
348,Inputs,1,,0.0,2.0,1.0
348,Loom Tightness,1,,0.0,2.0,1.0
348,Design Accuracy,1,1.0,1.0,2.0,1.0
348,Sidda Packedness,1,,0.0,2.0,1.0
348,Design Ability,1,,0.0,2.0,1.0
348,Overall,1,,0.0,2.0,1.0
170,Packedness,1,1.0,1.0,4.0,1.0
170,Corners,2,,0.0,4.0,1.0
170,Waviness,1,1.0,1.0,4.0,1.0
170,Weight,2,,0.0,4.0,1.0
170,Touch,2,,0.0,4.0,1.0
170,Loom,2,,0.0,4.0,1.0
170,Sidda Tightness,2,,0.0,4.0,1.0
170,Inputs,2,,0.0,4.0,1.0
170,Loom Tightness,2,,0.0,4.0,1.0
170,Design Accuracy,2,,0.0,4.0,1.0
170,Sidda Packedness,2,,0.0,4.0,1.0
170,Design Ability,1,,0.0,4.0,1.0
170,Overall,1,,0.0,4.0,1.0
292,Packedness,1,,0.0,3.0,1.0
292,Corners,1,,0.0,3.0,1.0
292,Waviness,2,,0.0,3.0,1.0
292,Weight,1,,0.0,3.0,1.0
292,Touch,1,,0.0,3.0,1.0
292,Loom,2,,0.0,3.0,1.0
292,Sidda Tightness,2,,0.0,3.0,1.0
292,Inputs,1,,0.0,3.0,1.0
292,Loom Tightness,1,,0.0,3.0,1.0
292,Design Accuracy,1,,0.0,3.0,1.0
292,Sidda Packedness,1,,0.0,3.0,1.0
292,Design Ability,1,,0.0,3.0,1.0
292,Overall,1,,0.0,3.0,1.0
331,Packedness,1,,0.0,2.0,1.0
331,Corners,1,,0.0,2.0,1.0
331,Waviness,1,,0.0,2.0,1.0
331,Weight,1,,0.0,2.0,1.0
331,Touch,1,,0.0,2.0,1.0
331,Loom,2,,0.0,2.0,1.0
331,Sidda Tightness,1,,0.0,2.0,1.0
331,Inputs,1,,0.0,2.0,1.0
331,Loom Tightness,1,,0.0,2.0,1.0
331,Design Accuracy,1,,0.0,2.0,1.0
331,Sidda Packedness,1,,0.0,2.0,1.0
331,Design Ability,1,,0.0,2.0,1.0
331,Overall,1,,0.0,2.0,1.0
342,Packedness,2,,0.0,2.0,1.0
342,Corners,2,,0.0,2.0,1.0
342,Waviness,2,,0.0,2.0,1.0
342,Weight,2,,0.0,2.0,1.0
342,Touch,2,,0.0,2.0,1.0
342,Loom,2,,0.0,2.0,1.0
342,Sidda Tightness,2,,0.0,2.0,1.0
342,Inputs,2,,0.0,2.0,1.0
342,Loom Tightness,2,,0.0,2.0,1.0
342,Design Accuracy,2,,0.0,2.0,1.0
342,Sidda Packedness,2,,0.0,2.0,1.0
342,Design Ability,2,,0.0,2.0,1.0
342,Overall,2,,0.0,2.0,1.0
343,Packedness,2,,0.0,4.0,1.0
343,Corners,2,,0.0,4.0,1.0
343,Waviness,2,,0.0,4.0,1.0
343,Weight,2,1.0,1.0,4.0,1.0
343,Touch,2,,0.0,4.0,1.0
343,Loom,2,,0.0,4.0,1.0
343,Sidda Tightness,2,,0.0,4.0,1.0
343,Inputs,2,,0.0,4.0,1.0
343,Loom Tightness,2,,0.0,4.0,1.0
343,Design Accuracy,2,,0.0,4.0,1.0
343,Sidda Packedness,2,,0.0,4.0,1.0
343,Design Ability,2,,0.0,4.0,1.0
343,Overall,2,,0.0,4.0,1.0
